song_name,start_time,end_time,duration,tempo,energy,brightness,head_movement,facial_expression,intensity
APT,0,8,8,73.828125,0.08191123604774475,3268.34251950238,none,neutral,0
APT,8,12,4,99.38401442307692,0.19524383544921875,3500.5366370994134,nod,neutral,3
APT,12,18,6,99.38401442307692,0.20703274011611938,3499.685312959107,shake,smile,3
APT,18,25,7,147.65625,0.24388529360294342,3909.018005761009,nod,frown,3
APT,25,31,6,99.38401442307692,0.25742149353027344,3537.0321378622043,shake,smile,3
APT,31,45,14,147.65625,0.3069291412830353,2966.7466070817204,nod,big smile,3
APT,45,57,12,99.38401442307692,0.2256641834974289,3375.7690540258054,shake,neutral,4
APT,57,63,6,147.65625,0.21890029311180115,3789.032060900944,none,"surprise, frown",3
APT,63,70,7,99.38401442307692,0.2595053017139435,3561.758307293293,sway,big smile,4
APT,70,83,13,99.38401442307692,0.32532238960266113,3210.489549110477,shake,neutral,3
APT,83,95,12,99.38401442307692,0.2963753044605255,3269.3132770346247,nod,big smile,5
APT,95,100,5,147.65625,0.24502763152122498,3344.221315928587,none,"smile, frown",3
APT,100,129,29,147.65625,0.33773547410964966,3749.195929977536,nod,big smile,5
APT,129,134,5,156.60511363636363,0.28839144110679626,3165.1783481903317,none,"smile, frown",3
APT,134,169,35,147.65625,0.3124661445617676,3728.2864241688762,nod,big smile,5
Eine_Klein_Nachtmusik,0,8,8,92.28515625,0.07993447035551071,2019.0327417312194,none,neutral,0
Eine_Klein_Nachtmusik,8,20,12,139.6748310810811,0.08028107136487961,2027.9740122103667,nod,smile,3
Eine_Klein_Nachtmusik,20,24,4,132.51201923076923,0.05128319934010506,1183.9084087674978,none,surprise,4
Eine_Klein_Nachtmusik,24,50,26,139.6748310810811,0.0738244280219078,2046.197864799114,nod,smile,3
Eine_Klein_Nachtmusik,50,54,4,132.51201923076923,0.04320220276713371,1600.2075737448167,none,browraise,2
Eine_Klein_Nachtmusik,54,67,13,139.6748310810811,0.033065930008888245,1938.341436518372,nod,smile,2
Eine_Klein_Nachtmusik,67,74,7,69.83741554054055,0.09644647687673569,2206.1202933542527,nod,browraise,3
Eine_Klein_Nachtmusik,74,85,11,143.5546875,0.056084420531988144,2087.861731918363,nod,smile,3
Eine_Klein_Nachtmusik,85,87,2,93.96306818181819,0.09972165524959564,2541.309060156018,nod,browraise,3
Eine_Klein_Nachtmusik,87,133,46,135.99917763157896,0.06642986834049225,1906.5802831199242,nod,thoughtful,2
Eine_Klein_Nachtmusik,133,190,57,139.6748310810811,0.07218422740697861,2055.7722522144686,nod,smile,4
Eine_Klein_Nachtmusik,190,202,12,90.66611842105263,0.07311473041772842,1703.0525583041074,nod,thoughtful,2
Eine_Klein_Nachtmusik,202,220,18,139.6748310810811,0.03766075149178505,2008.3249750177656,nod,frown,2
Eine_Klein_Nachtmusik,220,230,10,135.99917763157896,0.05811488628387451,2190.634853377026,none,browraise,3
Eine_Klein_Nachtmusik,230,248,18,139.6748310810811,0.09568696469068527,2002.0146610422828,nod,thoughtful,2
Eine_Klein_Nachtmusik,248,260,12,129.19921875,0.040081411600112915,1554.4972836403288,none,thoughtful,3
Eine_Klein_Nachtmusik,260,278,18,139.6748310810811,0.0806654542684555,1839.703609120162,nod,smile,2
Eine_Klein_Nachtmusik,278,293,15,139.6748310810811,0.03676247224211693,1651.0944418936388,none,thoughtful,3
Eine_Klein_Nachtmusik,293,328,35,143.5546875,0.06719845533370972,1734.273407541145,sway,thoughtful,2
Eine_Klein_Nachtmusik,328,339,11,143.5546875,0.14129993319511414,1625.7909290478035,nod,frown,4
Eine_Klein_Nachtmusik,339,343,4,93.96306818181819,0.015403577126562595,2654.927873388795,none,neutral,0
Humble,0,7,7,135.99917763157896,0.14666879177093506,2152.5472791403768,none,neutral,0
Humble,7,33,26,147.65625,0.3712596297264099,2847.2762253707338,nod,frown,3
Humble,33,43,10,151.99908088235293,0.3798508644104004,2835.460081338419,shake,frown,3
Humble,43,84,41,151.99908088235293,0.3157486617565155,2994.8992567049595,nod,frown,2
Humble,84,98,14,151.99908088235293,0.36484426259994507,3014.9245479314277,nod,surprise,4
Humble,98,100,2,97.50884433962264,0.08926738053560257,4428.164916974609,none,surprise,3
Humble,100,162,62,151.99908088235293,0.34005895256996155,2946.866629936197,nod,smile,3
Humble,162,177,15,147.65625,0.3215157389640808,2508.8873158683973,none,smile,3
Mi_gente,0,37,37,139.6748310810811,0.21187081933021545,2977.4398629342663,nod,smile,4
Mi_gente,37,52,15,105.46875,0.4283345341682434,4044.9165628058404,shake,smile,3
Mi_gente,52,56,4,139.6748310810811,0.34443554282188416,3598.5666219998125,nod,surprise,3
Mi_gente,56,82,26,139.6748310810811,0.2467806190252304,3969.261896063704,sway,smile,3
Mi_gente,82,90,8,105.46875,0.20671643316745758,2925.812629013681,nod,smile,3
Mi_gente,90,110,20,139.6748310810811,0.39423269033432007,3916.0339512712153,nod,big smile,4
Mi_gente,110,143,33,105.46875,0.2537056803703308,3006.35715859802,shake,disgust,3
Mi_gente,143,180,37,139.6748310810811,0.3080020248889923,3292.412982714698,sway,smile,3
Mi_gente,180,189,9,139.6748310810811,0.040481146425008774,8065.162998708747,nod,neutral,2
Waltz_Op64_No2,0,55,55,99.38401442307692,0.08867698907852173,627.9281248531413,none,thoughtful,3
Waltz_Op64_No2,55,65,10,114.84375,0.20614899694919586,703.4623854142684,none,smile,3
Waltz_Op64_No2,65,80,15,99.38401442307692,0.14887680113315582,780.7647814637788,none,close eyes,3
Waltz_Op64_No2,80,124,44,79.50721153846153,0.10195803642272949,747.3293574738645,none,thoughtful,3
Waltz_Op64_No2,124,163,39,77.1338619402985,0.11344631761312485,733.9131545245473,none,smile,3
Waltz_Op64_No2,163,204,41,139.6748310810811,0.09879893064498901,637.1687454700387,none,neutral,0
Waltz_Op64_No2,204,229,25,112.34714673913044,0.11336053907871246,669.4422015682322,look up,neutral,3
Waltz_Op64_No2,229,245,16,86.1328125,0.12559811770915985,768.6051603569517,none,smile,3
Waltz_Op64_No2,245,251,6,120.18531976744185,0.004565217532217503,1229.7041350932338,none,close eyes,3
back_to_black,0,15,15,125.0,0.1427556574344635,2399.3825029867207,sway,smile,3
back_to_black,15,20,5,61.81318681318681,0.21329735219478607,2220.3393706449424,none,surprise,3
back_to_black,20,27,7,61.81318681318681,0.20269213616847992,2480.5104031853584,none,smile,3
back_to_black,27,30,3,122.28260869565217,0.19829685986042023,2490.4719911590905,none,frown,3
back_to_black,30,45,15,61.81318681318681,0.21110500395298004,2329.9592197332736,none,"smile, frown",3
back_to_black,45,67,22,61.81318681318681,0.2438824623823166,2175.2817600465632,none,frown,2
back_to_black,67,76,9,61.81318681318681,0.22141627967357635,2373.276849467405,nod,big smile,3
back_to_black,76,82,6,61.81318681318681,0.2605609893798828,2322.4623397573873,none,smile,3
back_to_black,82,87,5,61.81318681318681,0.2640696167945862,2261.410040192382,none,"thoughtful, frown",3
back_to_black,87,97,10,61.81318681318681,0.2437228560447693,2464.806866066583,nod,frown,2
back_to_black,97,114,17,125.0,0.23813094198703766,2309.8784208204315,none,thoughtful,3
back_to_black,114,117,3,61.81318681318681,0.24342790246009827,2423.680460727072,sway,thoughtful,2
back_to_black,117,124,7,61.81318681318681,0.24789577722549438,2358.468983560398,nod,thoughtful,2
back_to_black,124,131,7,61.81318681318681,0.2767103314399719,2399.5537725820545,nod,smile,3
back_to_black,131,135,4,61.81318681318681,0.2973634898662567,2508.174007580262,nod,disgust,2
back_to_black,135,140,5,61.81318681318681,0.2955702543258667,2540.7073732550643,none,disgust,3
back_to_black,140,165,25,125.0,0.2530689537525177,2811.4693757264276,none,thoughtful,1
back_to_black,165,240,75,122.28260869565217,0.2733220160007477,2125.5722991996695,sway,neutral,1
beat_it,0,11,11,133.92857142857142,0.11054414510726929,2734.8998181488882,none,frown,3
beat_it,11,24,13,137.1951219512195,0.0790277048945427,5422.161468423897,sway,smile,2
beat_it,24,41,17,137.1951219512195,0.19324344396591187,3425.4137419123363,nod,smile,4
beat_it,41,45,4,137.1951219512195,0.19755274057388306,3864.838111126741,shake,neutral,4
beat_it,45,52,7,137.1951219512195,0.19592313468456268,4139.896333632032,nod,smile,3
beat_it,52,60,8,137.1951219512195,0.2217954397201538,3719.5060925856606,sway,smile,3
beat_it,60,65,5,140.625,0.2072477787733078,3814.4128544589485,nod,neutral,3
beat_it,65,68,3,137.1951219512195,0.27134090662002563,3808.553164948696,shake,neutral,3
beat_it,68,80,12,140.625,0.24834522604942322,3866.413566917952,nod,smile,4
beat_it,80,82,2,137.1951219512195,0.24195237457752228,3798.0771654702157,sway,neutral,3
beat_it,82,98,16,137.1951219512195,0.2134266495704651,4212.468202191331,nod,neutral,3
beat_it,98,99,1,133.92857142857142,0.19170218706130981,4814.816363146518,sway,neutral,3
beat_it,99,114,15,140.625,0.213375061750412,4270.030248871584,nod ,neutral,5
beat_it,114,120,6,137.1951219512195,0.28033095598220825,3912.110949283206,shake,frown,3
beat_it,120,144,24,137.1951219512195,0.24642059206962585,3995.323038246521,nod,neutral,4
beat_it,144,149,5,140.625,0.17942817509174347,4412.513602324791,none,big smile,3
beat_it,149,159,10,137.1951219512195,0.18983322381973267,4338.592105501977,nod,neutral,2
beat_it,159,168,9,137.1951219512195,0.2107338160276413,4024.3084480044813,sway,smile,3
beat_it,168,195,27,137.1951219512195,0.2223019003868103,3393.515698677197,shake,frown,3
beat_it,195,227,32,137.1951219512195,0.2523559331893921,4112.5735323047675,nod,smile,5
beat_it,227,236,9,137.1951219512195,0.24544239044189453,4197.834979650751,shake,smile,5
beat_it,236,244,8,137.1951219512195,0.23810938000679016,4082.0147838288876,none,big smile,3
beat_it,244,258,14,137.1951219512195,0.04184648022055626,4171.5727724792805,none,smile,3
bohemian,0,48,48,143.5546875,0.06101899966597557,2961.8785406184134,none,"thoughtful, frown",3
bohemian,48,78,30,143.5546875,0.08701493591070175,1757.1346600964102,nod,smile,3
bohemian,78,82,4,67.11647727272727,0.1334935873746872,3715.228766591052,nod,disgust,3
bohemian,82,93,11,70.79409246575342,0.13137885928153992,3021.90374152315,none,surprise,3
bohemian,93,96,3,143.5546875,0.15929266810417175,2225.694724971223,shake,frown,3
bohemian,96,116,20,69.83741554054055,0.08055897057056427,1882.4452343938563,none,"surprise, frown",3
bohemian,116,137,21,143.5546875,0.11034051328897476,2414.6692928440752,nod,frown,2
bohemian,137,144,7,143.5546875,0.17796525359153748,2650.037280416207,none,disgust,3
bohemian,144,165,21,143.5546875,0.18266770243644714,2441.6081075602747,nod,"frown, sad",3
bohemian,165,182,17,139.6748310810811,0.17085592448711395,2400.2909677605526,sway,smile,3
bohemian,182,195,13,143.5546875,0.0844535082578659,3056.5099634596695,nod,smile,3
bohemian,195,200,5,161.4990234375,0.0988510474562645,3125.0865935777724,sway,smile,3
bohemian,200,204,4,151.99908088235293,0.12283045798540115,2776.933480079818,none,surprise,3
bohemian,204,230,26,151.99908088235293,0.12574854493141174,2809.889930971364,nod,"smile, frown",3
bohemian,230,237,7,156.60511363636363,0.17439904808998108,2890.454914872224,none,"surprise, frown",3
bohemian,237,246,9,147.65625,0.22494381666183472,2456.8495580281,nod,big smile,3
bohemian,246,255,9,139.6748310810811,0.23433458805084229,2912.319363858972,sway,big smile,4
bohemian,255,270,15,139.6748310810811,0.2257990837097168,3328.909697034921,nod,big smile,5
bohemian,270,285,15,139.6748310810811,0.219463050365448,3071.2377120030933,shake,"smile, frown",4
bohemian,285,295,10,143.5546875,0.1602037400007248,1979.9434977145531,none,frown,3
bohemian,295,320,25,70.79409246575342,0.13454268872737885,2349.722098525226,nod,smile,3
bohemian,320,354,34,112.34714673913044,0.020366238430142403,2616.8966012749547,none,smile,3
cardigan,0,7,7,129.19921875,0.0387326143682003,2561.6517860645954,none,neutral,0
cardigan,7,110,103,129.19921875,0.22396554052829742,2241.850941649932,nod,frown,1
cardigan,110,122,12,129.19921875,0.19238510727882385,1279.3464876744845,none,thoughtful,3
cardigan,122,232,110,129.19921875,0.26973646879196167,2125.6243837563998,nod,thoughtful,1
cardigan,232,239,7,103.359375,0.005298173520714045,1958.2068370953264,none,neutral,0
champagne_problems,0,23,23,86.53846153846153,0.0996701642870903,568.6164189153355,nod,neutral,1
champagne_problems,23,44,21,119.68085106382979,0.16213072836399078,1961.620932664385,nod,thoughtful,1
champagne_problems,44,66,22,165.44117647058823,0.20372161269187927,2269.5296182859706,sway,frown,1
champagne_problems,66,88,22,170.45454545454547,0.17261986434459686,1158.642370690717,nod,neutral,1
champagne_problems,88,93,5,181.4516129032258,0.20643657445907593,2084.5642828013006,none,"smile, frown",3
champagne_problems,93,122,29,156.25,0.22064615786075592,2065.657559365428,nod,neutral,1
champagne_problems,122,144,22,170.45454545454547,0.20654386281967163,1486.0730464673045,nod,frown,1
champagne_problems,144,190,46,170.45454545454547,0.25877419114112854,2221.5826851225734,sway,sad face,1
champagne_problems,190,224,34,86.53846153846153,0.2069093883037567,1634.060122475569,nod,frown,1
champagne_problems,224,244,20,170.45454545454547,0.07584106922149658,1569.0829950316386,none,frown,3
chopin,0,24,24,112.34714673913044,0.14170338213443756,863.9014408939149,none,"close eyes, smile",1
chopin,24,36,12,89.10290948275862,0.17105744779109955,563.5123466784758,sway,smile,1
chopin,36,48,12,126.04801829268293,0.1562688648700714,551.8922343418353,sway,frown,1
chopin,48,70,22,126.04801829268293,0.13778266310691833,510.91282303539134,sway,"close eyes, smile",1
chopin,70,80,10,82.03125,0.16005723178386688,604.296900634072,sway,smile,3
chopin,80,85,5,84.72079918032787,0.22009387612342834,611.9799477974739,sway,"close eyes, smile",1
chopin,85,97,12,112.34714673913044,0.17338800430297852,571.5598041646209,none,oh face,3
chopin,97,127,30,112.34714673913044,0.15352582931518555,545.9747400333288,none,smile,3
chopin,127,153,26,129.19921875,0.1459657996892929,551.9474343895508,sway,"close eyes, smile",1
chopin,153,187,34,120.18531976744185,0.13407325744628906,527.2001919350033,sway,thoughtful,1
chopin,187,203,16,79.50721153846153,0.20275768637657166,644.849698916191,none,oh face,3
chopin,203,215,12,135.99917763157896,0.07117805629968643,886.3149418393377,none,surprise,3
chopin,215,237,22,123.046875,0.04289553314447403,1508.3290467143079,none,smile,3
closer,0,10,10,63.02400914634146,0.08078939467668533,1311.5605682025332,none,neutral,0
closer,10,27,17,93.96306818181819,0.1319100558757782,4021.196452385397,nod,neutral,3
closer,27,47,20,95.703125,0.17682620882987976,4445.594763167466,sway,neutral,2
closer,47,70,23,184.5703125,0.2397761195898056,3980.7378979001874,nod,neutral,2
closer,70,90,20,95.703125,0.20748908817768097,4926.584172124946,shake,smile,4
closer,90,111,21,63.02400914634146,0.14171932637691498,4177.563023479052,nod,neutral,2
closer,111,145,34,95.703125,0.2234971970319748,4446.967640365879,sway,neutral,3
closer,145,160,15,95.703125,0.22135533392429352,4745.277994472578,nod,big smile,5
closer,160,172,12,95.703125,0.21726766228675842,4824.176345222377,shake,frown,3
closer,172,210,38,95.703125,0.2576298117637634,3371.914452976113,nod,frown,3
closer,210,232,22,95.703125,0.3157266080379486,4082.3462453293955,nod,big smile,4
closer,232,244,12,191.40625,0.05572434514760971,1586.1642378243268,none,neutral,0
cruel_summer,0,28,28,84.72079918032787,0.2456454038619995,1906.159994148318,nod,neutral,3
cruel_summer,28,39,11,112.34714673913044,0.2792401909828186,2701.6897628157703,none,big smile,3
cruel_summer,39,50,11,84.72079918032787,0.2788642942905426,2547.8807389720255,shake,neutral,3
cruel_summer,50,63,13,112.34714673913044,0.24369122087955475,2228.43908149609,sway,frown,3
cruel_summer,63,69,6,84.72079918032787,0.2669638991355896,2674.555887589321,nod,frown,3
cruel_summer,69,76,7,84.72079918032787,0.2622675597667694,2366.6685736425134,none,thoughtful,3
cruel_summer,75,99,24,112.34714673913044,0.27514970302581787,2706.51917309884,sway,oh,3
cruel_summer,99,115,16,112.34714673913044,0.24597874283790588,3615.3428439330933,nod,neutral,4
cruel_summer,115,120,5,172.265625,0.25700777769088745,3327.253063573931,shake,neutral,2
cruel_summer,120,121,1,172.265625,0.28001314401626587,3686.2572388034864,shake,neutral,4
cruel_summer,121,122,1,135.99917763157896,0.19612401723861694,3094.2061558935575,none,neutral,3
cruel_summer,122,132,10,112.34714673913044,0.2381931096315384,3234.368491058616,shake,big smile,5
cruel_summer,132,148,16,112.34714673913044,0.27554571628570557,2843.3613246316845,sway,neutral,3
cruel_summer,148,158,10,112.34714673913044,0.27923572063446045,3059.089319549609,nod,smile,4
cruel_summer,158,166,8,84.72079918032787,0.2872489094734192,3232.287912360927,nod,neutral,1
cruel_summer,166,170,4,172.265625,0.25569969415664673,3182.873028944361,shake,frown,3
cruel_summer,170,178,8,114.84375,0.06116349622607231,993.2651980269337,nod,neutral,2
despacito,0,7,7,114.84375,0.041542548686265945,2766.5738546214434,none,frown,3
despacito,7,11,4,89.10290948275862,0.1601908802986145,3353.3749297344584,none,smile,3
despacito,11,41,30,89.10290948275862,0.15446354448795319,2759.82913104207,nod,smile,2
despacito,41,52,11,89.10290948275862,0.13131660223007202,3967.277727324495,nod,neutral,3
despacito,52,62,10,89.10290948275862,0.2094828486442566,3426.8908315790263,sway,smile,4
despacito,62,104,42,89.10290948275862,0.3004292845726013,4054.2757254660355,shake,neutral,4
despacito,104,127,23,89.10290948275862,0.2970675826072693,3106.9117473526917,nod,smile,4
despacito,127,150,23,89.10290948275862,0.24353566765785217,3819.9151366809215,sway,neutral,3
despacito,150,170,20,178.20581896551724,0.2820284366607666,3851.806405134093,nod,neutral,3
despacito,170,192,22,89.10290948275862,0.32871079444885254,4166.258207953047,shake,neutral,4
despacito,192,204,12,120.18531976744185,0.14680081605911255,3886.537531263845,none,thoughtful,3
despacito,204,216,12,89.10290948275862,0.3323112726211548,3869.312250183344,nod,"smile, frown",5
despacito,216,227,11,89.10290948275862,0.18488916754722595,4553.230511752659,sway,neutral,3
dynamite,0,7,7,112.34714673913044,0.13859345018863678,3787.216200218307,none,smile,3
dynamite,7,25,18,114.84375,0.2512650787830353,2661.7162983408334,sway,smile,2
dynamite,25,35,10,114.84375,0.32205504179000854,4035.501865129275,nod,big smile,2
dynamite,35,41,6,114.84375,0.31662535667419434,3424.1341025128404,shake,big smile,2
dynamite,41,59,18,114.84375,0.3277798891067505,3965.8907298921713,nod,big smile,3
dynamite,59,76,17,114.84375,0.3221850097179413,3687.479191902581,sway,smile,2
dynamite,76,110,34,114.84375,0.3351234197616577,3893.621691259075,"sway, nod",smile,2
dynamite,110,125,15,114.84375,0.348505437374115,4070.306656054477,sway,smile,3
dynamite,125,130,5,114.84375,0.3156406581401825,3850.719431674382,nod,big smile,3
dynamite,130,145,15,114.84375,0.30736133456230164,4051.942002780563,sway,smile,2
dynamite,145,159,14,114.84375,0.20841430127620697,3464.8351429161235,nod,smile,1
dynamite,159,175,16,114.84375,0.36062565445899963,4330.919876383345,"shake, nod",smile,3
dynamite,175,199,24,114.84375,0.28713467717170715,4299.907634287425,"shake, nod",big smile,3
empire_state,0,50,50,86.1328125,0.3176478147506714,3888.348230427583,nod,smile,3
empire_state,50,85,35,172.265625,0.3806329667568207,3795.4415942620362,nod,big smile,3
empire_state,85,125,40,86.1328125,0.33643797039985657,3783.753461068238,nod,smile,3
empire_state,125,144,19,172.265625,0.38035255670547485,3903.1596155531774,nod,big smile,3
empire_state,144,228,84,86.1328125,0.3583763837814331,3904.5616764182173,shake,smile,2
empire_state,228,276,48,172.265625,0.3386453688144684,3700.15312963239,nod,smile,2
faded,0,20,20,89.10290948275862,0.12151090055704117,1553.92405328251,none,neutral,0
faded,20,30,10,86.1328125,0.17777521908283234,2370.6021765292394,nod,neutral,2
faded,30,50,20,178.20581896551724,0.2068515568971634,2730.9225206455153,nod,frown ,3
faded,50,90,40,90.66611842105263,0.32560038566589355,4383.207408680006,shake,frown ,3
faded,90,98,8,90.66611842105263,0.34053921699523926,4403.415693517222,nod,frown ,4
faded,98,113,15,178.20581896551724,0.21643854677677155,2748.550143188623,shake,frown ,2
faded,113,115,2,178.20581896551724,0.1472877711057663,2733.7754998376986,nod,frown ,2
faded,115,118,3,178.20581896551724,0.2121427357196808,4024.3150799548566,none,surprise,3
faded,118,124,6,178.20581896551724,0.23503410816192627,3015.1334103611593,nod,"disgust, frown",3
faded,124,128,4,178.20581896551724,0.2210758775472641,2060.8103448963243,nod,smile,4
faded,128,139,11,178.20581896551724,0.25957030057907104,3774.138491391779,shake,frown,2
faded,139,141,2,178.20581896551724,0.2380618304014206,3356.0283056118856,nod,frown,3
faded,141,142,1,178.20581896551724,0.25026100873947144,4092.044526711643,nod,oh,3
faded,142,147,5,178.20581896551724,0.2619793117046356,4401.906068245576,shake,surprise,3
faded,147,150,3,178.20581896551724,0.278368204832077,5097.822577297452,none,"angry, surprise",3
faded,150,160,10,90.66611842105263,0.3128281831741333,4901.361492078057,shake,big smile,4
faded,160,195,35,90.66611842105263,0.3389332890510559,4417.880984881137,shake,frown,3
faded,195,212,17,90.66611842105263,0.05528336390852928,2677.7642825675894,none,thoughtful,3
fly_me_to_the_moon,0,7,7,123.046875,0.010511085391044617,3241.2202125439862,none,smile,3
fly_me_to_the_moon,7,22,15,123.046875,0.08780748397111893,2181.667223148927,sway,smile,2
fly_me_to_the_moon,22,29,7,120.18531976744185,0.10156300663948059,1778.2000600375454,nod,smile,2
fly_me_to_the_moon,29,38,9,120.18531976744185,0.08963317424058914,1534.9051593492184,shake,smile,2
fly_me_to_the_moon,38,54,16,120.18531976744185,0.12544959783554077,2036.2563184716835,nod,neutral,2
fly_me_to_the_moon,54,62,8,135.99917763157896,0.09514385461807251,2433.968746382771,shake,frown,2
fly_me_to_the_moon,62,71,9,126.04801829268293,0.11731603741645813,2112.420642834526,nod,neutral,3
fly_me_to_the_moon,71,98,27,117.45383522727273,0.08177915960550308,2139.4348212242967,shake,close eyes,3
fly_me_to_the_moon,98,104,6,161.4990234375,0.11618261784315109,2873.743308640155,none,frown,3
fly_me_to_the_moon,104,124,20,120.18531976744185,0.13842734694480896,2238.2064715590873,sway,smile,2
fly_me_to_the_moon,124,128,4,166.70866935483872,0.20222248136997223,3415.333219591821,shake,frown,3
fly_me_to_the_moon,128,141,13,120.18531976744185,0.1878221482038498,2733.253751386293,sway,smile,3
fly_me_to_the_moon,141,147,6,72.78829225352112,0.02411622367799282,2472.674504555268,none,smile,3
gods_plan,0,11,11,77.1338619402985,0.05139623209834099,2163.633694446325,none,smile,3
gods_plan,11,25,14,78.30255681818181,0.08808896690607071,3125.37788579812,nod,neutral,2
gods_plan,25,37,12,77.1338619402985,0.2941519618034363,3264.2288813912146,nod,neutral,3
gods_plan,37,49,12,77.1338619402985,0.26163727045059204,2962.1138617877214,sway,neutral,2
gods_plan,49,63,14,151.99908088235293,0.24395212531089783,2217.040988178029,nod,neutral,3
gods_plan,63,86,23,156.60511363636363,0.09101777523756027,2621.880922300965,nod,frown,2
gods_plan,86,93,7,126.04801829268293,0.09604565054178238,3601.921371564989,none,surprise,3
gods_plan,93,110,17,151.99908088235293,0.3028999865055084,3141.780572449472,nod,frown,4
gods_plan,110,128,18,77.1338619402985,0.27192357182502747,2907.3356396101385,sway,neutral,3
gods_plan,128,137,9,151.99908088235293,0.2501225471496582,2259.9140279731814,nod,neutral,3
gods_plan,137,160,23,151.99908088235293,0.08907651156187057,2727.660622216074,sway,thoughtful,2
gods_plan,160,198,38,77.1338619402985,0.14060954749584198,2242.150362561882,nod,neutral,3
heat_waves,0,17,17,80.74951171875,0.024203861132264137,1191.883417703568,none,thoughtful,3
heat_waves,17,42,25,80.74951171875,0.3294151723384857,1700.346951496179,nod,oh,2
heat_waves,42,56,14,161.4990234375,0.3913957476615906,2883.0931414046454,shake,big smile,4
heat_waves,56,65,9,107.666015625,0.3716525137424469,2703.3666542177543,none,thoughtful,3
heat_waves,65,76,11,161.4990234375,0.3626627027988434,2533.177710041106,none,smile,3
heat_waves,76,118,42,80.74951171875,0.36377084255218506,2800.685416743669,nod,"smile, frown",2
heat_waves,118,124,6,86.1328125,0.16251902282238007,2894.669996623893,none,surprise,3
heat_waves,124,149,25,80.74951171875,0.375212699174881,2695.510530809073,nod,"smile, frown",2
heat_waves,149,172,23,172.265625,0.1341933161020279,1794.8702742710416,nod,smile,1
heat_waves,172,174,2,287.109375,0.06025025621056557,1808.14369542506,none,oh,3
heat_waves,174,183,9,161.4990234375,0.330620139837265,3180.7992359999976,nod,big smile,5
heat_waves,183,210,27,80.74951171875,0.3736911416053772,2313.4132208913047,shake,big smile,4
heat_waves,210,222,12,161.4990234375,0.33688896894454956,1610.6348163402442,nod,big smile,3
heat_waves,222,238,16,161.4990234375,0.11466275155544281,3598.7945817079,nod,"smile, frown",3
highway_to_hell,0,10,10,114.84375,0.06296346336603165,2605.5296846300266,none,neutral,3
highway_to_hell,10,19,9,114.84375,0.11851560324430466,4611.286706190582,nod,neutral,2
highway_to_hell,19,52,33,114.84375,0.18049629032611847,4564.306243517496,shake,frown,2
highway_to_hell,52,72,20,117.45383522727273,0.22362592816352844,3196.8435757588218,nod,frown,3
highway_to_hell,72,106,34,114.84375,0.18538478016853333,4502.86117239842,sway,"frown, smile",3
highway_to_hell,106,114,8,117.45383522727273,0.2561911642551422,3386.44805688154,shake,big smile,3
highway_to_hell,114,124,10,117.45383522727273,0.24253474175930023,3420.4762124725344,sway,"oh, frown",3
highway_to_hell,124,148,24,117.45383522727273,0.2600490152835846,3182.6873799968243,shake,"surprise, frown",3
highway_to_hell,148,163,15,117.45383522727273,0.30592119693756104,3563.1243709751325,nod,big smile,3
highway_to_hell,163,168,5,112.34714673913044,0.2913705110549927,3357.989001246909,none,"surprise, frown",3
highway_to_hell,168,180,12,117.45383522727273,0.27171653509140015,3597.797900817359,nod,frown,2
highway_to_hell,180,191,11,114.84375,0.20966634154319763,2621.0504039276198,sway,frown,3
highway_to_hell,191,202,11,132.51201923076923,0.2523971199989319,2990.3469264414975,nod,frown,2
highway_to_hell,202,208,6,123.046875,0.14010204374790192,2330.3844574701343,none,"smile, frown",3
hips_dont_lie,0,9,9,198.76802884615384,0.04339279234409332,3355.944345256412,none,smile,3
hips_dont_lie,9,41,32,99.38401442307692,0.13810859620571136,3580.9517543230977,sway,big smile,3
hips_dont_lie,41,67,26,99.38401442307692,0.11926307529211044,3562.1564996884567,nod,neutral,2
hips_dont_lie,67,95,28,132.51201923076923,0.14322486519813538,3628.2882503335145,sway,smile,3
hips_dont_lie,95,98,3,77.1338619402985,0.15474271774291992,3523.527314105553,none,smile,3
hips_dont_lie,98,115,17,99.38401442307692,0.1543700098991394,3375.7407618339507,nod,smile,2
hips_dont_lie,115,127,12,99.38401442307692,0.1349877119064331,3180.762109337582,sway,"smile, frown",2
hips_dont_lie,127,144,17,99.38401442307692,0.15593138337135315,3595.0024217473083,sway,smile,1
hips_dont_lie,144,158,14,99.38401442307692,0.12258584797382355,3573.0556764436596,none,neutral,3
hips_dont_lie,158,187,29,99.38401442307692,0.1395418792963028,3823.3815609594694,shake,neutral ,2
hips_dont_lie,187,204,17,132.51201923076923,0.13572034239768982,3728.719688792607,nod,smile,2
hips_dont_lie,204,217,13,99.38401442307692,0.04729562997817993,3338.7464406559566,none,neutral,0
i_will_always_love_you,0,45,45,139.6748310810811,0.019890302792191505,3938.961630795938,none,neutral,0
i_will_always_love_you,45,103,58,135.99917763157896,0.05987032130360603,2117.003424201018,sway,neutral,1
i_will_always_love_you,103,125,22,67.11647727272727,0.15303580462932587,2194.863356485088,none,smile,3
i_will_always_love_you,125,160,35,67.11647727272727,0.10518878698348999,2341.4811157039435, sway,neutral,2
i_will_always_love_you,160,173,13,67.11647727272727,0.09088890999555588,2198.9335391745376,nod,neutral,2
i_will_always_love_you,173,185,12,67.99958881578948,0.1303313821554184,2472.558615039999,shake,frown,2
i_will_always_love_you,185,191,6,126.04801829268293,0.08026143163442612,1558.8508111538683,none,frown,3
i_will_always_love_you,191,197,6,67.11647727272727,0.2098304033279419,2391.3974741533707,none,big smile,3
i_will_always_love_you,197,235,38,135.99917763157896,0.18525919318199158,2331.38034227095,sway,smile,3
i_will_always_love_you,235,269,34,132.51201923076923,0.046157632023096085,2367.3213062005916,none,thoughtful,3
la_vie_en_rose,0,13,13,151.99908088235293,0.1055482029914856,1175.3833191335475,none,neutral,0
la_vie_en_rose,13,80,67,87.5926906779661,0.14300768077373505,1659.755586281812,sway,"close eyes, smile",2
la_vie_en_rose,80,93,13,67.99958881578948,0.11524483561515808,1080.0454642662387,nod,neutral,2
la_vie_en_rose,93,106,13,86.1328125,0.1476474553346634,1367.473182046512,nod,smile,2
la_vie_en_rose,106,160,54,95.703125,0.15961076319217682,1290.1956127250855,sway,smile,2
la_vie_en_rose,160,168,8,139.6748310810811,0.22890052199363708,2592.2694156307366,sway,big smile,2
la_vie_en_rose,168,176,8,129.19921875,0.22892075777053833,2529.15034748817,shake,"close eyes, smile",2
la_vie_en_rose,176,194,18,184.5703125,0.18631331622600555,2272.828540383283,sway,"close eyes, smile",2
la_vie_en_rose,194,201,7,120.18531976744185,0.2544497549533844,2563.6110094517794,none,smile,3
lean_on,0,20,20,129.19921875,0.10252261161804199,1683.999724041895,none,neutral,0
lean_on,20,30,10,99.38401442307692,0.1489652842283249,2523.033634966867,nod,neutral,2
lean_on,30,45,15,97.50884433962264,0.28063666820526123,2647.416825255903,"sway, nod",smile,3
lean_on,45,78,33,97.50884433962264,0.25201910734176636,3263.904900901207,sway,big smile,3
lean_on,78,107,29,97.50884433962264,0.24158667027950287,2801.314858010573,nod,smile,3
lean_on,107,122,15,97.50884433962264,0.3028638958930969,3369.728880024997,sway,smile,3
lean_on,122,172,50,97.50884433962264,0.27814942598342896,3112.5797718320205,nod,smile,3
lean_on,172,176,4,97.50884433962264,0.0050964574329555035,2374.8937496764675,none,neutral,0
shake_it_off,0,5,5,105.46875,0.12092030793428421,4101.473369081561,nod,neutral,2
shake_it_off,5,20,15,156.60511363636363,0.18245737254619598,3922.4242145994103,nod,smile,2
shake_it_off,20,25,5,156.60511363636363,0.18702538311481476,4119.380563993311,nod,big smile,2
shake_it_off,25,53,28,156.60511363636363,0.23682819306850433,3887.243750434982,nod,smile,3
shake_it_off,53,66,13,161.4990234375,0.3008202612400055,3661.2204079461967,shake,smile,2
shake_it_off,66,76,10,79.50721153846153,0.15619264543056488,3902.3449712271004,nod,smile,2
shake_it_off,76,85,9,161.4990234375,0.2046791911125183,3831.1585429740903,nod,big smile,2
shake_it_off,85,101,16,80.74951171875,0.20626218616962433,3862.3325158899747,nod,smile,3
shake_it_off,101,120,19,161.4990234375,0.3027680814266205,3619.219386535516,shake,smile,2
shake_it_off,120,134,14,161.4990234375,0.32233870029449463,3849.646282131911,nod,big smile,2
shake_it_off,134,138,4,166.70866935483872,0.31698882579803467,3723.078768583807,shake,neutral,2
shake_it_off,138,160,22,79.50721153846153,0.164420947432518,3639.6159627546067,nod,frown,2
shake_it_off,160,164,4,97.50884433962264,0.07846908271312714,4341.865257230918,none ,frown,1
shake_it_off,164,207,43,161.4990234375,0.32912108302116394,3802.792594970359,nod,smile,3
shake_it_off,207,212,5,105.46875,0.3290897309780121,3909.2461880728315,shake,smile,2
shake_it_off,212,219,7,161.4990234375,0.07936578243970871,3440.5404634136535,none ,smile,3
someone_like_you,0,13,13,135.99917763157896,0.04997117817401886,1158.50217690916,sway,neutral,1
someone_like_you,13,17,4,132.51201923076923,0.11332841962575912,1295.1118190900324,none,"browraise, surprise",3
someone_like_you,17,32,15,89.10290948275862,0.16444240510463715,1625.0350460604936,sway,thoughtful,1
someone_like_you,32,34,2,99.38401442307692,0.20152190327644348,1704.6582479868825,none,"browraise, surprise",3
someone_like_you,34,40,6,93.96306818181819,0.14359495043754578,1673.6446099610866,none,thoughtful,3
someone_like_you,40,50,10,161.4990234375,0.18326248228549957,1674.0406944353524,none,frown,3
someone_like_you,50,52,2,78.30255681818181,0.20461516082286835,1512.8602776579603,none,"browraise, surprise",3
someone_like_you,52,73,21,129.19921875,0.17491896450519562,1925.4014583369808,sway,"frown, thoughtful",1
someone_like_you,73,84,11,132.51201923076923,0.2046079784631729,2094.9797236994154,none,smile,3
someone_like_you,84,86,2,135.99917763157896,0.2705652415752411,2545.0878337732897,none,oh,3
someone_like_you,86,88,2,66.25600961538461,0.24483762681484222,2387.0842984465853,none,browraise,3
someone_like_you,88,93,5,135.99917763157896,0.19456607103347778,2642.063835677002,look up,thoughtful,3
someone_like_you,93,99,6,147.65625,0.18441681563854218,2805.871561448212,none,"smile, frown",3
someone_like_you,99,108,9,139.6748310810811,0.1739191710948944,2335.737560804024,none,"browraise, smile",3
someone_like_you,108,118,10,67.99958881578948,0.14513827860355377,1464.0339757627578,none,"frown, thoughtful",3
someone_like_you,118,120,2,132.51201923076923,0.12887121737003326,2334.65889023224,none,browraise,3
someone_like_you,120,125,5,99.38401442307692,0.19727447628974915,1967.2624899362509,none,frown,3
someone_like_you,125,127,2,143.5546875,0.21151688694953918,1692.5248496345991,look up,browraise,3
someone_like_you,127,131,4,139.6748310810811,0.1856670379638672,2269.099247267702,look down,"narrow eyes, smile",3
someone_like_you,131,134,3,114.84375,0.19516132771968842,1847.6669844561366,none,browraise,3
someone_like_you,134,139,5,143.5546875,0.19495412707328796,1930.4615002962264,sway,neutral,1
someone_like_you,139,150,11,129.19921875,0.217014342546463,2011.48978370211,look down,frown,3
someone_like_you,150,154,4,89.10290948275862,0.2217264324426651,1729.1661125345033,none,"browraise, smile",3
someone_like_you,154,169,15,135.99917763157896,0.19983987510204315,2086.625799357566,none,big smile,3
someone_like_you,169,180,11,135.99917763157896,0.2196890413761139,2678.669567138122,sway,smile,1
someone_like_you,180,184,4,135.99917763157896,0.20731912553310394,2230.133877858312,none,"browraise, smile",3
someone_like_you,184,194,10,68.90625,0.2604331374168396,2248.9827070319584,sway,frown,2
someone_like_you,194,204,10,68.90625,0.18180657923221588,2240.3997096826224,look down,thoughtful face,3
someone_like_you,204,207,3,206.71875,0.19685396552085876,2658.426300872872,none,"browraise, surprise",3
someone_like_you,207,217,10,132.51201923076923,0.19791185855865479,2338.743600509013,look up,thoughtful,3
someone_like_you,217,223,6,132.51201923076923,0.18239296972751617,3072.145905038323,none,close eyes,3
someone_like_you,223,231,8,101.33272058823529,0.1802494376897812,3050.986427834047,none,"browraise, smile",3
someone_like_you,231,238,7,129.19921875,0.22420662641525269,2202.3872191441933,none,big smile,3
someone_like_you,238,267,29,143.5546875,0.22993727028369904,2636.22563973207,none,"browraise, smile, frown",3
someone_like_you,267,285,18,143.5546875,0.023251477628946304,2724.43406852828,none,smile,3
take_me_home_country_roads,0,3,3,83.35433467741936,0.03547359257936478,2096.2468743848654,none,smile,3
take_me_home_country_roads,3,30,27,82.03125,0.09346258640289307,1990.5476039411599,sway,smile,2
take_me_home_country_roads,30,54,24,83.35433467741936,0.14020900428295135,2081.2541223729263,sway,smile,3
take_me_home_country_roads,54,67,13,82.03125,0.1159735918045044,2104.6115158173293,nod,neutral,3
take_me_home_country_roads,67,102,35,82.03125,0.14545682072639465,2182.907214111597,sway,neutral,3
take_me_home_country_roads,102,148,46,82.03125,0.15814657509326935,2240.384122231795,sway,neutral,2
take_me_home_country_roads,148,186,38,82.03125,0.1602504700422287,1987.0369394781994,sway,close eyes,1
thinking_out_loud,0,104,104,156.60511363636363,0.19504782557487488,2356.5653101296625,sway,neutral,2
thinking_out_loud,104,113,9,79.50721153846153,0.20191547274589539,1884.971516889566,none,smile,3
thinking_out_loud,113,132,19,156.60511363636363,0.2031623274087906,2185.6891056268637,nod,smile,2
thinking_out_loud,132,207,75,156.60511363636363,0.23429584503173828,2393.114201057848,sway,smile,2
thinking_out_loud,207,216,9,156.60511363636363,0.18273892998695374,1586.7753718991196,none,smile,3
thinking_out_loud,216,273,57,79.50721153846153,0.23434849083423615,2170.4761649930997,sway,smile,2
thinking_out_loud,273,281,8,139.6748310810811,0.033197734504938126,7800.976866101996,none,neutral,0
toxic,0,6,6,143.5546875,0.06554483622312546,3672.6893706788624,none,smile,3
toxic,6,13,7,143.5546875,0.09119123220443726,3979.990266780369,none,frown,3
toxic,13,17,4,97.50884433962264,0.14313165843486786,4876.291644984466,none,big smile,3
toxic,17,36,19,143.5546875,0.24451465904712677,3488.980881314096,sway,neutral,2
toxic,36,40,4,143.5546875,0.2454594224691391,3535.10283118561,none,surprise,3
toxic,40,54,14,143.5546875,0.2503194510936737,3532.1414083892428,sway,"smile, frown",2
toxic,54,59,5,139.6748310810811,0.1316179633140564,2725.191570172001,shake,big smile,3
toxic,59,72,13,143.5546875,0.2533057630062103,3869.9052883418894,nod,smile,3
toxic,72,78,6,143.5546875,0.24756425619125366,3117.6202775493734,none,oh face,3
toxic,78,98,20,143.5546875,0.2301931381225586,3305.166922996494,nod,smile,3
toxic,98,112,14,143.5546875,0.25167256593704224,3584.315846414364,shake,neutral,3
toxic,112,116,4,139.6748310810811,0.11898978054523468,2955.2748603023797,none,oh face,3
toxic,116,128,12,143.5546875,0.2559260129928589,3995.899516210211,shake,big smile,3
toxic,128,141,13,95.703125,0.2511102855205536,2966.56846629246,nod,frown,3
toxic,141,160,19,71.77734375,0.10996128618717194,5187.891755021683,none,surprise,3
toxic,161,173,12,143.5546875,0.26859426498413086,4137.136377697529,shake,smile,3
toxic,173,185,12,143.5546875,0.25919002294540405,4016.3605509491067,shake,close eyes,3
toxic,185,190,5,71.77734375,0.24444477260112762,3935.5390878864055,none,oh face,3
toxic,190,200,10,71.77734375,0.20870114862918854,4916.31408134603,nod,neutral,3
uptown_funk,0,16,16,114.79591836734694,0.03623119741678238,4042.733130153611,nod,neutral,3
uptown_funk,16,20,4,114.79591836734694,0.13304248452186584,3980.971696732064,nod,"smile, close eyes",4
uptown_funk,20,24,4,114.79591836734694,0.11481821537017822,3986.9683319131955,sway,big smile,4
uptown_funk,24,34,10,114.79591836734694,0.12211010605096817,4116.308473685757,nod,neutral,4
uptown_funk,34,47,13,114.79591836734694,0.15332776308059692,3344.054681024887,shake, neutral,3
uptown_funk,47,49,2,114.79591836734694,0.14217029511928558,3355.2659235053907,sway,smile,3
uptown_funk,49,91,42,114.79591836734694,0.16499176621437073,3477.5423331904776,sway,"smile, close eyes",3
uptown_funk,91,94,3,114.79591836734694,0.140869140625,3768.505013923249,none,angry face,3
uptown_funk,94,107,13,114.79591836734694,0.11015170812606812,4260.859125702816,none,"smile, close eyes",3
uptown_funk,107,116,9,114.79591836734694,0.15267492830753326,3520.1817253199606,shake,neutral,3
uptown_funk,116,124,8,114.79591836734694,0.15684054791927338,3497.4786655600733,none,smile,3
uptown_funk,124,167,43,114.79591836734694,0.1651456356048584,3458.3083335559663,shake,neutral,5
uptown_funk,167,179,12,114.79591836734694,0.1253829151391983,2864.9563522194685,none,"frown, confused",3
uptown_funk,179,212,33,114.79591836734694,0.1555103063583374,3321.2570455484906,nod,big smile ,3
uptown_funk,212,240,28,114.79591836734694,0.1942085325717926,3714.9683316170413,sway,"big smile, close eyes",3
uptown_funk,240,250,10,114.79591836734694,0.20798169076442719,3797.0145388886167,shake,neutral,4
uptown_funk,250,269,19,114.79591836734694,0.19143667817115784,3847.2950166638116,nod,smile,4
what_a_wonderful_world,0,29,29,71.77734375,0.0400201790034771,2632.6448048434295,sway,"close eyes, frown",3
what_a_wonderful_world,29,62,33,107.666015625,0.046322066336870193,2566.411203070234,sway,"smile, frown",3
what_a_wonderful_world,62,101,39,109.95678191489361,0.06077617034316063,2462.6570868074114,shake,thoughtful,2
what_a_wonderful_world,101,118,17,71.77734375,0.039649900048971176,2478.4917504418745,sway,smile,3
what_a_wonderful_world,118,139,21,191.40625,0.02945758029818535,2202.278748423313,none,smile,3
